Duration in month,Credit history,Purpose,Credit amount,Savings account/bonds,Present employment since,Installment rate in percentage of disposable income,Personal status and sex,Other debtors / guarantors,Present residence since,Property,Age in years,Other installment plans ,Housing,Number of existing credits at this bank,Job,Number of people being liable to provide maintenance for,Telephone,foreign worker,Risk
3.4339872044851463,6,6,7.94873845481361,2,0,4,0,2,2,1,3.5263605246161616,1,1,1,1,1,1,1,1
3.2188758248682006,1,1,7.57095858316901,3,3,4,3,2,4,2,4.110873864173311,1,1,1,1,1,1,1,1
3.2188758248682006,6,6,7.347943823148687,2,1,3,3,2,1,1,3.4965075614664802,0,1,1,1,2,0,1,1
2.9444389791664403,1,1,6.949856455000773,4,0,4,0,2,2,0,3.5263605246161616,1,1,1,1,1,0,1,0
3.6109179126442243,5,5,8.145259566516865,2,3,4,3,2,2,1,3.7612001156935624,1,1,1,1,2,0,1,0
3.2188758248682006,5,5,7.7664168980196555,0,4,1,1,2,1,0,3.5263605246161616,1,1,1,1,1,0,1,0
2.70805020110221,0,0,7.252053951852814,1,3,1,2,2,2,2,3.58351893845611,1,1,1,1,1,1,1,1
3.2188758248682006,2,2,7.923348211930154,4,3,4,3,2,4,3,3.6109179126442243,0,0,1,1,1,1,1,1
2.9444389791664403,5,5,8.19229373114764,2,3,3,0,2,4,0,3.6375861597263857,1,1,1,1,1,1,1,1
2.772588722239781,4,4,8.439015410352214,0,0,3,3,2,2,0,3.713572066704308,1,1,1,0,1,1,1,0
3.2188758248682006,6,6,8.082093278178382,1,3,3,1,2,2,1,3.295836866004329,1,1,1,0,1,1,1,1
2.9444389791664403,6,6,7.493317248862145,2,3,3,0,1,4,2,3.8918202981106265,0,2,2,3,1,1,1,1
1.9459101490553132,6,6,7.467942332285852,1,3,2,3,2,4,0,3.828641396489095,0,1,1,3,2,0,1,1
2.9444389791664403,5,5,8.202756381655638,2,2,1,0,2,4,1,3.1354942159291497,1,2,1,1,1,0,1,1
1.9459101490553132,6,6,5.82600010738045,1,3,4,3,2,4,1,3.970291913552122,1,1,2,1,1,0,1,1
2.6390573296152584,0,0,7.494430215031565,2,2,3,3,2,1,0,3.367295829986474,0,1,2,3,1,0,1,1
2.5649493574615367,5,5,7.362010551259734,2,0,4,3,2,2,2,3.9318256327243257,1,1,1,1,1,0,1,1
3.2188758248682006,1,1,7.274479558773871,2,1,4,0,2,4,1,3.1780538303479458,1,2,2,1,1,0,1,0
3.4339872044851463,5,5,8.251403065380556,2,2,2,2,2,1,0,3.1354942159291497,1,1,1,1,1,0,1,1
3.6109179126442243,0,0,8.655737000864297,0,1,2,3,2,2,1,3.4657359027997265,1,1,2,1,1,1,1,1
1.9459101490553132,5,5,6.061456918928017,2,3,2,0,2,1,0,3.912023005428146,0,1,1,1,1,1,1,1
3.2188758248682006,1,1,7.091742115095153,2,2,4,3,2,1,0,3.295836866004329,1,1,1,1,1,0,1,1
3.6109179126442243,1,1,7.959625305098115,0,3,4,3,2,3,3,3.4339872044851463,1,0,1,1,1,0,1,1
3.2188758248682006,6,6,8.03689677268507,0,2,3,2,2,2,1,3.1354942159291497,1,2,1,1,1,1,1,0
2.9444389791664403,5,5,8.331827004436057,2,0,2,3,0,3,1,3.7612001156935624,1,1,1,1,1,0,1,0
3.091042453358316,2,2,8.004365564979574,2,0,3,3,2,2,2,3.367295829986474,2,1,2,3,1,0,1,1
2.9444389791664403,6,6,7.1276936993473985,2,0,4,2,2,2,1,3.5263605246161616,1,1,1,1,1,0,1,0
2.3978952727983707,6,6,7.7475968386928855,2,3,3,3,2,4,2,3.970291913552122,1,1,1,3,1,0,1,1
2.9444389791664403,6,6,6.4457198193855785,1,3,4,3,2,3,0,3.4965075614664802,0,1,2,0,1,1,1,1
1.9459101490553132,5,5,7.108244139731541,4,0,1,2,2,2,0,3.332204510175204,1,1,2,1,1,0,1,1
3.2188758248682006,5,5,8.331345424845724,0,0,2,3,2,3,0,3.58351893845611,1,1,2,1,1,0,1,1
2.5649493574615367,0,0,7.737616282857904,2,4,4,3,2,2,1,3.7612001156935624,2,1,2,0,1,1,1,0
2.5649493574615367,6,6,6.440946540632921,2,0,4,0,2,4,2,3.2188758248682006,0,1,1,3,1,0,1,0
2.5649493574615367,1,1,6.790097235513905,2,3,4,3,2,4,1,3.7376696182833684,0,1,1,3,2,0,1,0
2.3978952727983707,2,2,7.973155433444133,4,2,1,0,2,4,2,3.4657359027997265,1,2,1,1,1,0,1,1
3.2188758248682006,7,7,7.629975707027789,2,0,4,1,2,2,2,3.5263605246161616,1,1,2,1,1,1,1,1
3.091042453358316,5,5,8.1886891244442,2,1,1,0,2,4,1,3.295836866004329,1,2,1,3,1,0,1,1
3.1354942159291497,1,1,7.157735484249907,4,1,4,0,2,4,0,3.258096538021482,1,2,1,1,1,0,1,1
2.9444389791664403,5,5,7.562681246721884,4,2,4,0,2,3,2,3.332204510175204,1,2,1,1,1,0,1,0
2.9444389791664403,5,5,8.007034012193408,2,1,2,0,2,4,2,3.713572066704308,1,2,1,1,1,0,1,1
3.091042453358316,0,0,7.92588031673756,0,3,4,1,2,2,1,4.127134385045092,0,2,2,3,1,0,1,0
2.772588722239781,2,2,7.766840537085513,1,0,2,3,2,2,1,3.6109179126442243,1,1,1,1,1,1,1,1
2.9444389791664403,6,6,8.432724034789787,2,2,3,3,2,2,1,3.4965075614664802,1,1,1,1,1,1,1,1
3.2188758248682006,1,1,7.721348612617949,4,2,4,3,2,1,0,4.007333185232471,1,1,1,1,1,0,1,1
2.302585092994046,6,6,8.031060180240619,4,0,1,3,2,2,2,3.5263605246161616,1,1,2,1,2,0,1,1
2.5649493574615367,1,1,7.1846291527173145,3,3,4,3,2,4,2,4.007333185232471,1,1,1,1,1,1,1,1
1.9459101490553132,5,5,7.4770384723196965,2,0,1,2,2,2,0,3.091042453358316,1,2,1,1,1,0,1,1
3.091042453358316,4,4,8.13593277200489,2,2,2,3,2,1,0,3.295836866004329,1,1,2,1,1,0,1,0
3.6109179126442243,0,0,7.577633832602728,2,3,4,3,2,4,3,4.127134385045092,1,0,1,0,1,1,1,0
2.5649493574615367,4,4,7.607381425639791,4,1,4,0,2,2,1,4.127134385045092,1,1,1,1,1,0,1,1
2.9444389791664403,6,6,8.163371316459912,2,1,4,0,1,1,2,3.258096538021482,1,1,1,1,1,0,1,1
3.6109179126442243,2,2,8.65032450401942,3,3,4,3,2,2,1,3.6635616461296463,1,1,2,0,1,1,1,1
2.5649493574615367,5,5,7.56164174558878,2,0,4,3,2,2,0,3.6375861597263857,1,1,1,3,1,0,1,0
2.70805020110221,1,1,8.287528423111763,2,4,1,3,2,4,3,3.1354942159291497,1,0,1,1,1,0,1,1
3.6109179126442243,0,0,8.40200678160712,2,0,2,1,2,2,2,3.4339872044851463,2,1,2,0,1,1,1,0
2.5649493574615367,6,6,7.427144133408616,1,3,3,2,2,1,2,3.58351893845611,1,1,1,1,1,0,1,1
3.2188758248682006,5,5,8.013674142832684,2,0,2,1,2,2,2,3.2188758248682006,1,2,1,3,1,0,1,1
3.6109179126442243,6,6,8.272315147956022,2,0,2,3,2,2,2,3.1780538303479458,1,1,1,1,1,1,1,1
2.302585092994046,6,6,6.129050210060545,2,0,4,3,2,3,2,3.2188758248682006,1,1,1,1,1,0,1,1
3.091042453358316,2,2,8.09437844497296,2,3,1,3,2,4,1,3.6109179126442243,1,1,1,0,1,1,1,1
1.9459101490553132,1,1,6.502790045915623,3,1,3,0,2,4,2,3.6888794541139363,1,1,2,3,1,1,1,1
2.5649493574615367,5,5,6.481577129276431,2,3,4,0,2,4,0,3.2188758248682006,1,2,1,1,1,0,1,1
1.9459101490553132,6,6,6.184148890937483,2,1,3,2,1,3,2,3.367295829986474,0,1,1,3,1,0,1,1
3.4339872044851463,2,2,8.257904193465674,2,0,4,1,2,4,0,3.713572066704308,1,1,1,0,1,1,1,1
3.091042453358316,1,1,7.4073177104694174,4,0,4,3,2,2,0,3.713572066704308,1,1,2,3,2,0,1,0
1.9459101490553132,4,4,7.338888133838879,2,2,1,0,2,2,3,4.04305126783455,1,1,1,1,1,0,1,1
2.5649493574615367,1,1,7.1098794630722715,2,3,1,1,2,1,2,3.8501476017100584,1,2,2,1,1,0,1,0
2.5649493574615367,6,6,6.51471269087253,0,1,4,2,2,1,0,3.044522437723423,1,1,1,1,1,0,1,0
3.091042453358316,2,2,7.814803429489359,4,3,4,3,2,4,2,3.8501476017100584,1,1,1,0,1,1,1,1
2.5649493574615367,6,6,7.357556200910353,2,0,1,0,2,1,1,3.1354942159291497,1,1,1,1,1,1,1,1
3.4339872044851463,5,5,8.430327258394575,2,0,2,1,1,2,2,3.4965075614664802,1,1,2,1,1,0,1,1
3.4339872044851463,6,6,8.691986481789401,2,1,3,3,0,2,1,3.6635616461296463,1,1,1,1,1,0,1,1
2.772588722239781,1,1,8.066835314417336,3,1,2,0,2,3,1,3.044522437723423,1,2,1,1,1,0,1,1
3.2188758248682006,1,1,7.293017679772782,0,3,4,2,2,4,2,3.7376696182833684,1,2,1,3,1,0,1,1
3.2188758248682006,1,1,6.576469569048224,4,3,4,2,2,4,1,4.007333185232471,1,1,2,1,1,1,1,1
2.9444389791664403,6,6,8.075271546297458,1,2,1,2,2,3,2,3.258096538021482,1,2,1,1,1,0,1,1
2.302585092994046,4,4,7.31455283232408,2,3,2,0,2,3,1,3.5553480614894135,1,1,2,0,1,1,1,0
2.772588722239781,6,6,7.512071245835466,2,3,4,3,2,4,1,3.8501476017100584,1,1,2,1,1,1,1,1
3.4339872044851463,2,2,8.47886807709457,4,1,2,0,2,4,0,3.2188758248682006,2,2,1,3,1,0,1,1
2.772588722239781,5,5,7.327123292259293,4,3,4,3,2,4,0,4.1588830833596715,1,1,1,1,1,0,1,1
2.9444389791664403,1,1,7.104144092987527,2,2,4,0,2,3,1,3.1780538303479458,1,2,1,1,1,1,1,0
3.2188758248682006,1,1,7.612336837167746,2,0,4,0,2,4,1,3.6375861597263857,1,1,1,1,1,1,1,1
2.5649493574615367,5,5,7.8547691834991324,2,0,2,1,2,1,1,3.7612001156935624,1,1,1,1,1,0,1,1
2.772588722239781,1,1,8.283999304248526,2,0,3,0,2,2,0,3.4011973816621555,1,1,1,1,1,1,1,0
3.4339872044851463,0,0,8.360071435644025,0,0,2,3,2,2,0,3.295836866004329,1,1,2,3,1,0,1,1
2.9444389791664403,5,5,7.9603236291488395,2,0,2,3,2,1,2,3.5553480614894135,1,1,1,3,2,0,1,0
3.4339872044851463,6,6,7.560080465021827,0,2,4,3,2,3,3,3.4339872044851463,2,1,2,0,1,0,1,0
1.9459101490553132,1,1,6.4967749901858625,2,2,3,3,2,4,2,3.7376696182833684,1,1,1,3,2,1,1,1
2.9444389791664403,1,1,7.581719640125308,2,3,3,0,2,2,1,3.1780538303479458,1,1,1,0,1,0,1,1
2.5649493574615367,1,1,7.683403681053826,2,0,4,3,2,4,0,3.6635616461296463,0,1,2,3,1,0,0,1
3.6109179126442243,5,5,8.588955557643128,2,0,3,3,1,2,0,3.367295829986474,1,1,2,1,1,0,1,1
3.091042453358316,0,0,7.080867896690782,2,3,2,0,2,4,0,3.6888794541139363,1,1,1,1,2,0,1,0
3.2188758248682006,6,6,8.690137586397595,4,2,1,0,2,1,1,3.8066624897703196,1,1,2,1,1,1,1,0
3.091042453358316,1,1,8.517992871586802,4,0,1,0,2,4,0,3.4011973816621555,0,1,2,1,1,1,1,0
3.2188758248682006,6,6,7.227662498728654,1,1,4,0,2,1,1,3.367295829986474,1,1,1,1,1,0,1,1
3.332204510175204,6,6,7.83241092718792,1,0,4,3,2,2,0,3.1780538303479458,1,1,2,3,1,0,1,0
2.5649493574615367,0,0,7.142827401161621,4,3,4,3,2,4,3,4.060443010546419,1,2,1,3,1,0,1,1
3.2188758248682006,6,6,8.041091003708633,4,2,4,3,2,2,1,3.258096538021482,1,1,2,1,1,0,1,1
3.4339872044851463,6,6,8.032035314398824,4,3,3,3,2,2,1,3.713572066704308,1,1,2,1,2,1,1,1
2.302585092994046,1,1,7.937374696163295,2,0,2,3,2,2,2,3.6109179126442243,1,2,2,1,2,0,1,1
2.0794415416798357,6,6,6.594413459749778,4,3,4,3,2,2,0,3.8501476017100584,1,2,2,3,1,1,1,1
2.5649493574615367,2,2,7.615298339825815,4,0,4,3,2,2,1,3.4339872044851463,1,1,1,1,1,0,1,1
3.2188758248682006,0,0,8.058960017769417,2,0,4,3,2,2,0,3.4657359027997265,1,2,1,1,1,1,1,0
3.2188758248682006,4,4,8.65591111072806,2,2,2,0,2,4,3,3.2188758248682006,1,0,2,1,1,1,1,1
3.2188758248682006,2,2,7.890208213109961,2,3,4,3,2,4,1,3.58351893845611,1,1,1,0,1,1,1,1
3.2188758248682006,5,5,6.835184586147301,4,1,4,3,2,2,1,3.4657359027997265,2,1,1,1,1,1,1,1
2.5649493574615367,1,1,8.485496104672983,2,3,3,3,0,4,0,3.784189633918261,1,2,2,1,1,1,1,0
2.5649493574615367,7,7,7.349873704738337,3,3,4,3,2,4,3,4.02535169073515,1,0,2,1,2,0,1,0
1.9459101490553132,6,6,6.056784013228625,2,3,4,2,2,4,1,3.6888794541139363,1,1,1,3,1,0,1,1
1.9459101490553132,4,4,6.073044534100405,3,2,4,0,2,2,0,3.2188758248682006,0,2,1,1,2,0,1,0
3.2188758248682006,6,6,7.59488438721652,2,0,2,3,2,4,2,3.091042453358316,1,2,1,3,2,0,1,0
2.3978952727983707,5,5,7.665284718471351,4,2,2,0,0,3,2,3.332204510175204,1,2,2,1,1,0,0,1
2.5649493574615367,0,0,7.253470382684528,2,0,4,0,1,2,2,3.4011973816621555,1,1,2,0,1,1,1,1
2.302585092994046,6,6,6.9874902470009905,2,3,4,3,2,4,1,3.332204510175204,1,1,2,3,1,0,1,1
2.9444389791664403,6,6,8.711278615130434,2,3,3,3,2,4,1,3.5263605246161616,1,1,2,1,1,1,1,1
2.9444389791664403,1,1,7.731492029245684,0,2,3,0,2,3,1,3.367295829986474,1,1,2,1,1,0,1,0
2.5649493574615367,6,6,7.163946684342547,2,0,4,0,2,2,0,3.58351893845611,1,1,2,1,1,0,1,1
2.9444389791664403,6,6,7.295735072749282,2,2,3,2,2,4,2,3.6888794541139363,1,1,1,1,1,1,1,1
2.5649493574615367,1,1,6.803505257608338,4,0,4,2,2,2,1,3.1780538303479458,1,1,1,1,1,0,1,0
3.2188758248682006,6,6,6.932447891572509,2,2,4,2,2,4,2,3.8918202981106265,2,1,1,1,1,0,1,0
3.2188758248682006,5,5,8.11552088154677,2,3,4,3,2,2,0,3.6888794541139363,1,2,1,0,1,1,1,0
2.302585092994046,6,6,7.6586995582682995,2,0,2,3,2,2,2,3.6375861597263857,1,1,1,3,2,0,1,1
2.5649493574615367,5,5,7.162397497355718,2,0,4,3,1,1,0,3.091042453358316,1,1,1,3,1,0,1,1
3.091042453358316,1,1,7.931284761525891,1,1,1,0,2,2,1,3.4657359027997265,0,1,1,0,1,0,1,1
2.5649493574615367,7,7,6.904750769961838,4,1,4,0,2,4,2,3.1780538303479458,1,1,2,1,1,0,1,1
2.5649493574615367,3,3,6.60934924316738,0,4,4,0,2,3,0,3.1354942159291497,1,1,1,1,1,0,1,0
2.302585092994046,1,1,7.827240901752812,1,3,2,3,2,4,3,3.9512437185814275,1,0,1,3,1,0,1,1
2.302585092994046,6,6,7.095893221097532,2,3,4,0,2,4,2,3.258096538021482,1,1,1,1,1,0,1,1
2.302585092994046,6,6,7.220373836723949,2,2,3,0,2,4,0,3.1354942159291497,1,2,1,1,1,0,1,0
2.9444389791664403,0,0,8.040768994367578,2,1,3,3,2,1,0,3.4657359027997265,0,1,1,1,1,1,1,1
3.2188758248682006,6,6,7.569927655242652,2,2,4,1,2,3,0,3.4965075614664802,1,1,1,1,1,0,1,0
2.5649493574615367,6,6,7.309212365692763,2,2,4,0,2,3,1,3.5553480614894135,1,1,1,1,2,0,1,1
2.5649493574615367,4,4,6.679599185844383,2,2,4,0,2,4,0,3.9889840465642745,1,1,1,1,1,0,1,0
3.6109179126442243,6,6,7.751045117971802,2,1,4,3,2,4,1,3.2188758248682006,1,2,1,1,1,0,1,1
3.2188758248682006,6,6,7.116394144093465,3,3,4,0,2,4,0,4.060443010546419,1,2,2,0,1,1,1,1
3.2188758248682006,1,1,7.212294468500341,2,2,3,0,2,4,1,3.258096538021482,1,1,1,3,1,1,1,0
2.9444389791664403,5,5,7.809135398120538,2,0,2,3,2,2,1,3.1354942159291497,1,1,1,1,1,0,1,0
2.302585092994046,7,7,7.161622002939187,0,3,3,3,1,4,2,3.8918202981106265,1,1,2,1,2,0,0,1
2.5649493574615367,6,6,7.00669522683704,2,1,4,3,1,3,2,3.4011973816621555,1,1,2,1,1,0,0,1
2.5649493574615367,6,6,6.553933404025811,2,0,4,2,2,2,2,3.713572066704308,1,1,1,3,1,0,1,1
2.9444389791664403,0,0,8.334711621820917,2,0,2,3,2,2,1,3.6109179126442243,2,1,2,1,2,0,1,0
2.3978952727983707,1,1,6.661854740545311,2,3,4,3,2,4,3,4.1588830833596715,1,0,2,1,1,1,1,1
3.2188758248682006,6,6,7.179307969504034,0,1,4,2,2,3,0,3.295836866004329,1,1,1,1,1,1,1,1
2.3978952727983707,2,2,7.954723334497908,0,0,1,3,0,2,2,3.4965075614664802,1,1,1,1,2,0,1,1
2.5649493574615367,1,1,7.20414929203594,2,0,4,3,2,2,2,3.784189633918261,1,1,2,3,2,0,1,1
2.772588722239781,6,6,8.18004072349016,2,3,4,0,2,2,1,4.007333185232471,0,2,1,0,1,1,1,1
2.772588722239781,2,2,7.170888478512505,4,3,4,3,2,4,3,3.828641396489095,0,0,1,1,2,0,1,1
3.6109179126442243,6,6,7.890582534656536,0,0,4,0,0,4,3,3.9318256327243257,1,0,1,1,1,0,1,0
3.2188758248682006,6,6,8.14060704285845,1,3,3,3,2,2,1,3.4657359027997265,1,1,1,1,2,1,1,1
2.0794415416798357,6,6,7.854381210652365,2,0,2,3,1,2,2,3.58351893845611,1,1,1,1,1,0,1,1
2.772588722239781,6,6,7.338238150065589,4,3,4,3,1,4,2,3.9318256327243257,1,1,2,1,1,1,1,1
2.302585092994046,0,0,7.238496840894365,2,0,2,2,2,1,2,3.332204510175204,0,1,1,1,1,1,1,1
2.5649493574615367,6,6,6.439350371100098,2,2,4,2,1,1,2,3.295836866004329,0,1,1,3,1,0,1,1
2.5649493574615367,5,5,8.186185994226083,2,0,2,3,0,2,0,3.4011973816621555,1,1,1,3,2,0,1,1
3.2188758248682006,1,1,7.2399325913204695,2,0,2,3,1,2,2,3.4657359027997265,1,1,1,1,1,1,1,1
2.772588722239781,5,5,8.114922974204593,2,0,4,3,2,2,3,3.367295829986474,1,0,1,1,1,1,1,1
2.9444389791664403,6,6,6.7650389767805414,2,0,4,2,1,2,2,3.258096538021482,1,1,1,3,1,0,1,1
3.2188758248682006,2,2,7.760893195851024,2,1,4,3,2,3,1,3.58351893845611,1,1,2,1,1,1,1,1
3.4339872044851463,5,5,8.159660737063376,3,0,4,3,2,2,1,3.5553480614894135,2,1,1,1,2,1,1,1
2.5649493574615367,6,6,7.669495251007694,0,1,3,3,2,1,3,3.58351893845611,1,1,1,1,1,0,1,1
3.2188758248682006,6,6,8.537779825024625,2,2,3,2,2,3,3,3.871201010907891,1,0,3,1,1,1,1,1
2.9444389791664403,5,5,6.956545443151569,2,2,4,0,2,4,0,3.091042453358316,1,2,1,1,1,0,1,1
2.9444389791664403,4,4,7.5310163320779155,0,0,4,0,2,2,2,3.4339872044851463,1,1,2,1,1,0,1,0
3.2188758248682006,1,1,8.480114183174816,2,1,2,3,0,3,0,3.4657359027997265,1,1,1,1,1,1,1,0
2.9444389791664403,0,0,8.186185994226083,2,4,3,2,2,3,1,3.713572066704308,1,1,3,2,2,1,1,1
2.5649493574615367,2,2,7.498315870766981,0,2,3,3,2,4,0,3.8066624897703196,1,1,1,1,1,0,1,1
2.5649493574615367,6,6,8.026170194946426,3,1,2,1,2,4,2,4.127134385045092,1,1,1,3,1,0,1,1
2.9444389791664403,2,2,7.930206206684683,2,0,1,2,2,3,1,3.091042453358316,1,2,1,1,1,1,1,1
1.9459101490553132,6,6,6.974478911025045,2,3,4,3,2,4,1,3.367295829986474,1,1,1,1,2,0,1,1
2.5649493574615367,4,4,6.529418838262226,2,0,4,3,2,4,1,3.713572066704308,1,2,1,3,2,0,1,0
2.5649493574615367,6,6,8.032035314398824,2,0,2,3,2,4,1,3.970291913552122,1,1,1,1,1,1,1,1
3.2188758248682006,7,7,8.613956859848546,2,3,3,3,2,4,3,3.8066624897703196,1,0,2,1,1,0,1,1
2.5649493574615367,6,6,5.955837369464831,2,1,4,0,2,3,2,4.07753744390572,1,1,4,3,1,1,1,1
1.9459101490553132,1,1,7.093404625868766,0,3,3,3,2,2,0,3.784189633918261,1,1,1,1,1,1,1,1
3.5263605246161616,0,0,7.9247959139564355,2,0,2,0,2,2,1,3.295836866004329,1,1,2,1,1,1,1,1
2.5649493574615367,6,6,7.3031700512368,4,0,2,2,2,1,2,3.258096538021482,1,1,1,1,1,1,1,0
2.5649493574615367,1,1,6.84587987526405,1,1,4,2,2,2,2,3.367295829986474,1,1,3,1,1,1,1,0
3.2188758248682006,0,0,7.773173680482536,1,0,4,3,2,2,1,3.8066624897703196,1,1,2,1,2,1,1,1
3.2188758248682006,6,6,7.1569563646156364,0,0,4,0,2,2,1,3.4965075614664802,1,1,1,3,1,0,1,0
3.2188758248682006,2,2,7.976251943745623,2,1,2,3,2,1,3,3.5553480614894135,1,0,1,0,1,1,1,1
3.2188758248682006,5,5,8.299285906897275,2,0,2,3,2,2,1,3.332204510175204,2,1,1,1,1,0,1,1
3.2188758248682006,1,1,8.263332667439967,0,2,4,1,2,2,1,3.6375861597263857,1,1,1,1,1,1,1,1
3.2188758248682006,5,5,8.546946149565585,2,3,4,3,2,4,1,3.5263605246161616,1,1,1,1,1,1,1,1
2.302585092994046,1,1,8.182559264068665,0,0,1,3,1,2,2,3.295836866004329,1,2,1,1,2,0,0,1
2.9444389791664403,0,0,7.794823152179389,4,3,4,3,2,2,0,3.7612001156935624,1,1,2,1,1,0,1,1
3.091042453358316,1,1,7.980707820869669,0,0,1,0,2,1,1,3.367295829986474,0,1,1,0,1,1,1,1
2.9444389791664403,6,6,7.047517221357296,3,0,4,3,2,3,2,3.8501476017100584,1,1,2,1,1,0,1,1
3.2188758248682006,2,2,7.992268643270745,2,3,4,3,2,4,0,4.1588830833596715,1,1,2,1,1,1,1,1
3.2188758248682006,6,6,7.38025578842646,2,3,4,0,2,4,1,4.02535169073515,1,1,1,1,1,0,1,1
2.302585092994046,1,1,5.6240175061873385,2,0,4,2,2,4,2,3.1354942159291497,1,2,1,3,1,0,1,1
2.5649493574615367,7,7,6.461468176353717,2,0,4,3,2,2,1,3.4339872044851463,1,1,1,1,1,0,1,0
2.3978952727983707,6,6,7.206377291472252,4,1,4,3,2,2,0,3.332204510175204,1,1,2,1,1,1,1,1
2.5649493574615367,2,2,8.127699852817772,2,3,3,3,2,4,3,3.58351893845611,1,0,1,1,1,1,1,0
1.9459101490553132,5,5,7.6577552711348655,2,0,2,3,2,2,2,3.7376696182833684,1,1,1,1,1,1,1,1
2.5649493574615367,6,6,8.131530710604252,4,3,2,3,2,3,1,3.6375861597263857,1,1,1,0,1,0,1,1
3.2188758248682006,1,1,6.82001636467413,4,3,4,0,2,2,1,3.4011973816621555,0,1,1,1,1,0,1,0
1.9459101490553132,6,6,6.3818160174060985,2,2,3,2,2,3,2,3.295836866004329,1,1,1,3,1,0,0,1
2.772588722239781,1,1,8.526351129201004,4,3,1,0,2,4,1,4.0943445622221,1,1,1,1,1,1,1,1
2.5649493574615367,8,8,6.805722553416985,2,1,4,2,2,4,0,3.091042453358316,1,2,1,1,1,0,1,0
1.9459101490553132,6,6,6.838405200847344,2,0,3,0,2,2,2,3.2188758248682006,1,1,1,1,1,0,1,1
1.9459101490553132,6,6,6.52795791762255,2,2,2,0,2,1,0,3.4011973816621555,0,1,1,1,1,0,1,1
2.3978952727983707,1,1,7.123672785204607,0,3,1,0,2,4,3,3.8918202981106265,1,0,1,3,2,0,1,0
2.3978952727983707,4,4,6.590301048196686,1,3,4,3,2,4,3,3.8501476017100584,1,0,1,1,1,1,1,1
3.2188758248682006,5,5,8.193676665955241,4,3,4,3,0,4,3,3.044522437723423,1,2,2,1,1,0,1,1
2.772588722239781,6,6,7.275864600546533,4,2,4,3,2,1,0,3.1780538303479458,1,1,1,1,1,0,1,1
3.2188758248682006,0,0,7.138073034044347,2,1,4,3,2,1,2,3.258096538021482,1,1,1,1,1,1,1,1
3.2188758248682006,6,6,8.231908243564177,1,4,1,0,2,4,3,3.1780538303479458,1,2,1,2,1,0,1,1
2.1972245773362196,5,5,7.121252453244542,2,0,3,0,2,4,2,3.2188758248682006,1,1,1,1,1,0,1,0
2.5649493574615367,5,5,7.478169694159785,2,0,3,3,2,2,2,3.2188758248682006,1,2,1,3,1,0,1,1
2.5649493574615367,6,6,6.565264970035361,2,3,4,3,2,4,2,4.060443010546419,2,1,1,3,1,0,1,0
1.9459101490553132,6,6,7.549082710812286,4,0,1,3,2,2,2,3.5553480614894135,1,1,2,3,2,0,1,1
3.2188758248682006,5,5,8.287276755814599,2,1,2,0,2,4,0,3.258096538021482,1,2,1,1,1,1,1,1
2.9444389791664403,5,5,8.237743803890933,2,2,3,1,2,2,1,3.58351893845611,1,1,2,0,1,1,1,1
2.9444389791664403,2,2,8.25608813381491,2,1,3,3,2,1,1,3.332204510175204,1,1,2,1,1,0,1,1
3.2188758248682006,5,5,8.614682812693495,0,0,4,3,2,1,1,3.258096538021482,2,1,1,1,1,0,1,1
2.5649493574615367,4,4,7.64826303090192,2,1,2,3,2,3,2,3.912023005428146,1,1,1,3,2,0,1,1
3.2188758248682006,6,6,7.463936604468925,2,3,4,3,2,2,0,3.8918202981106265,1,1,2,3,1,0,1,1
3.2188758248682006,5,5,8.463159302923751,2,2,2,0,2,4,1,3.258096538021482,0,1,1,3,1,0,1,0
1.9459101490553132,1,1,7.203405521083095,2,3,1,3,2,4,2,3.8501476017100584,1,1,2,1,2,0,0,1
3.2188758248682006,0,0,8.259458195332408,2,0,1,3,2,2,3,3.4965075614664802,1,0,1,1,1,0,1,1
3.2188758248682006,1,1,7.1284959456800365,2,2,4,3,2,2,2,3.1780538303479458,2,1,1,3,1,0,1,0
3.2188758248682006,2,2,7.9420068084898565,4,3,2,0,2,4,2,3.295836866004329,1,2,1,1,1,0,1,1
3.2188758248682006,1,1,8.164225652265827,0,1,2,3,2,3,1,3.6635616461296463,0,1,2,1,1,1,1,1
3.091042453358316,5,5,7.917900586327916,3,1,3,3,2,2,1,3.4965075614664802,1,1,2,1,1,1,1,1
2.9444389791664403,6,6,7.496097345175956,2,0,4,3,2,2,1,3.2188758248682006,1,1,2,1,1,0,1,1
2.9444389791664403,6,6,8.068089626278244,2,0,2,0,2,2,2,3.2188758248682006,1,1,1,1,1,0,1,0
3.2188758248682006,6,6,7.524021415206125,2,1,4,2,1,2,1,3.5263605246161616,1,1,2,1,1,1,1,1
2.302585092994046,3,3,7.1204443723924875,2,2,1,0,2,4,2,3.1780538303479458,1,2,1,1,1,1,1,1
2.70805020110221,1,1,6.688354713946762,2,0,4,3,2,2,1,3.332204510175204,1,1,2,3,1,0,1,1
2.5649493574615367,5,5,7.138073034044347,2,2,2,0,2,4,0,3.1354942159291497,1,2,2,3,1,0,1,1
1.9459101490553132,6,6,7.653969180478774,2,1,2,2,2,2,2,3.4011973816621555,1,2,1,1,1,0,1,1
1.9459101490553132,4,4,7.089243155027514,2,3,4,0,2,4,3,3.58351893845611,1,0,1,1,1,0,1,0
2.302585092994046,5,5,7.591357046698551,2,2,2,0,0,2,1,2.995732273553991,1,2,2,1,1,0,1,0
3.6109179126442243,4,4,8.21932609390609,4,0,2,2,2,2,1,3.332204510175204,1,1,1,1,1,0,1,1
2.5649493574615367,1,1,7.113956109566034,2,0,4,0,2,2,2,3.2188758248682006,1,1,1,3,1,0,1,0
2.772588722239781,1,1,7.451241684987676,2,2,2,3,2,3,2,3.6109179126442243,1,1,1,1,1,0,1,1
2.3978952727983707,1,1,8.281470857895167,2,2,1,3,1,1,0,3.6375861597263857,1,1,1,3,2,0,1,1
2.772588722239781,4,4,7.552762084214147,2,3,4,3,2,4,1,3.713572066704308,1,2,1,0,1,1,1,1
2.9444389791664403,1,1,7.507141079727608,2,0,2,2,2,2,0,3.4339872044851463,1,1,1,0,1,1,1,1
1.9459101490553132,6,6,7.579678823090456,2,1,1,0,2,4,1,3.4657359027997265,1,1,1,1,1,0,1,1
2.9444389791664403,5,5,7.505492274737424,2,0,4,0,2,2,3,3.367295829986474,1,1,2,1,1,0,1,1
3.332204510175204,7,7,8.55468163582723,4,3,4,3,2,4,0,3.8918202981106265,1,1,4,1,2,1,1,1
2.5649493574615367,0,0,6.413458957167357,2,2,4,0,2,1,2,3.295836866004329,1,1,1,2,1,0,1,0
2.5649493574615367,8,8,6.626717749249025,4,3,4,3,2,4,0,3.6635616461296463,1,1,2,1,1,0,1,1
2.9444389791664403,6,6,7.53955882930103,2,1,4,2,2,1,0,3.4965075614664802,1,1,2,0,1,1,1,1
2.772588722239781,3,3,7.151485463904735,4,0,4,0,2,2,1,3.2188758248682006,1,2,1,1,1,0,1,0
3.4339872044851463,1,1,7.67368812926773,2,0,4,0,1,2,3,3.2188758248682006,0,1,1,1,1,0,1,0
2.5649493574615367,6,6,6.690842277418564,2,3,4,3,2,4,1,3.6635616461296463,1,1,1,1,1,0,1,1
3.2188758248682006,6,6,7.867871490396322,2,3,4,2,0,3,2,3.8501476017100584,1,1,2,1,1,0,1,1
2.5649493574615367,1,1,6.52649485957079,0,1,4,0,2,3,1,3.9512437185814275,1,1,2,1,1,1,1,1
3.2188758248682006,2,2,7.470793774195062,2,3,4,0,1,4,2,4.07753744390572,1,1,1,3,1,1,1,1
2.3978952727983707,6,6,6.955592608396297,2,0,4,3,2,4,2,3.1780538303479458,2,1,1,3,1,0,1,1
3.2188758248682006,1,1,7.195937226475569,2,4,4,3,2,2,2,3.784189633918261,1,0,2,1,2,0,1,0
2.5649493574615367,6,6,7.540090320145325,2,0,2,0,2,2,1,3.8066624897703196,1,2,1,3,1,1,1,1
3.6109179126442243,5,5,8.116715624819111,2,0,4,0,2,2,1,3.367295829986474,1,1,1,0,1,1,1,0
2.5649493574615367,5,5,7.373374309910049,3,1,3,0,2,2,0,3.58351893845611,1,1,1,1,1,0,0,1
2.302585092994046,6,6,7.198931240688173,2,2,4,3,2,2,1,3.5553480614894135,1,1,2,0,1,1,1,0
3.2188758248682006,0,0,8.45807992692373,4,0,4,3,2,2,0,3.6375861597263857,0,1,2,0,1,1,1,1
1.6094379124341003,6,6,7.3427791893318455,2,1,2,3,2,1,2,3.7612001156935624,1,1,3,3,2,0,1,1
2.9444389791664403,6,6,7.027314514039777,4,2,4,0,2,2,2,3.091042453358316,1,2,1,1,1,1,1,1
2.5649493574615367,2,2,7.315883504509785,2,0,4,2,2,4,2,3.7376696182833684,1,2,1,1,1,0,1,1
2.9444389791664403,3,3,7.1049654482698426,2,0,4,2,2,3,2,3.871201010907891,1,1,1,3,1,1,1,0
1.9459101490553132,6,6,7.462214939768189,2,3,2,2,2,2,2,3.4339872044851463,1,2,2,1,1,0,1,1
2.9444389791664403,5,5,8.365905077202456,2,3,4,1,2,3,3,3.713572066704308,1,1,1,0,1,1,1,0
2.4849066497880004,5,5,7.363913501405819,3,2,4,0,2,1,2,3.044522437723423,1,1,1,1,1,0,1,1
2.9444389791664403,0,0,7.571473648851271,3,0,4,3,2,2,0,3.58351893845611,1,1,1,3,1,1,1,1
2.9444389791664403,6,6,7.779048644925556,2,2,4,0,2,1,1,3.332204510175204,2,1,1,1,1,0,1,1
1.9459101490553132,6,6,7.3752557780097545,2,1,3,3,2,2,0,3.9512437185814275,1,1,1,1,2,0,1,1
3.4339872044851463,6,6,8.012349639327795,2,3,4,3,2,4,0,3.871201010907891,1,1,1,1,1,0,1,1
3.6109179126442243,6,6,7.781138509845015,4,0,4,0,2,4,1,3.258096538021482,1,1,1,1,1,0,1,1
2.5649493574615367,6,6,7.052721049232323,2,3,3,2,1,3,2,3.713572066704308,0,1,2,3,1,0,1,1
2.772588722239781,5,5,7.2682230211595655,2,0,4,0,2,3,0,3.258096538021482,1,2,2,1,1,0,1,1
2.302585092994046,5,5,7.236339342754344,2,0,4,0,2,2,2,3.295836866004329,1,2,1,1,1,0,1,1
3.2188758248682006,2,2,7.6953031349635665,4,1,4,3,2,4,1,3.784189633918261,1,1,2,1,2,1,1,1
2.5649493574615367,4,4,6.579251212010101,2,3,4,3,2,4,1,3.7376696182833684,0,1,1,3,2,0,1,0
2.5649493574615367,1,1,7.602401335665818,2,1,3,3,2,4,0,3.4339872044851463,1,2,1,1,2,1,1,1
3.2188758248682006,0,0,8.432070937999402,3,0,2,3,2,3,0,4.007333185232471,1,1,3,0,1,1,1,0
2.5649493574615367,5,5,8.012349639327795,2,2,3,0,2,1,2,3.5553480614894135,1,2,1,0,1,0,1,1
2.9444389791664403,5,5,8.08487062913819,2,0,1,0,2,4,1,3.5263605246161616,0,1,2,1,1,1,1,1
1.9459101490553132,6,6,5.910796644040527,4,3,4,3,2,4,0,3.6635616461296463,1,1,1,1,1,0,1,1
2.3978952727983707,5,5,7.3277805384216315,2,0,4,1,2,2,1,3.4657359027997265,1,1,1,3,1,0,1,1
3.2188758248682006,6,6,7.620705086838262,2,2,1,2,2,1,0,3.1354942159291497,1,1,1,1,1,1,1,0
2.5649493574615367,6,6,6.016157159698354,3,0,3,0,2,3,2,3.7612001156935624,1,2,2,1,1,0,1,1
3.6109179126442243,7,7,7.868636894184167,2,0,4,3,2,2,1,3.332204510175204,1,1,2,1,1,0,1,1
1.9459101490553132,3,3,7.199678345691172,1,0,1,1,2,4,2,4.143134726391533,1,1,1,1,1,0,1,1
2.5649493574615367,5,5,7.8551570058813445,2,4,3,0,2,4,3,4.02535169073515,1,0,1,0,1,0,1,1
2.772588722239781,5,5,6.8679744089702925,3,1,3,0,2,2,0,3.4339872044851463,1,1,2,1,1,0,1,1
2.302585092994046,6,6,7.421177528595393,2,2,4,0,2,2,1,3.1354942159291497,1,1,1,1,1,1,1,0
2.302585092994046,1,1,7.666221925662725,2,0,4,3,2,4,1,3.8918202981106265,1,1,3,1,1,1,1,1
2.302585092994046,6,6,7.027314514039777,0,3,2,1,2,4,2,3.912023005428146,1,1,1,1,1,0,1,1
3.2188758248682006,6,6,7.104144092987527,0,2,4,3,2,4,3,3.6635616461296463,0,1,2,1,2,0,1,0
2.772588722239781,0,0,7.752335163302292,1,0,2,3,2,4,1,3.332204510175204,0,1,1,1,1,0,1,1
2.302585092994046,4,4,7.126890808898808,4,3,4,0,2,4,0,3.7376696182833684,1,2,2,3,1,0,1,1
2.5649493574615367,5,5,7.29641326877392,2,2,4,0,2,1,0,3.5263605246161616,0,1,1,0,1,1,1,1
3.4339872044851463,0,0,8.361941906144946,0,0,4,0,2,4,1,3.295836866004329,1,2,2,3,1,0,1,0
2.5649493574615367,6,6,6.56244409369372,2,0,4,3,2,2,2,3.4339872044851463,0,1,2,1,1,0,1,1
2.9444389791664403,2,2,8.12533508671429,4,0,2,3,2,1,0,3.4657359027997265,1,1,1,1,1,1,1,1
3.6109179126442243,6,6,8.345455428161928,2,0,4,3,2,2,1,3.295836866004329,1,1,1,1,1,0,1,0
2.5649493574615367,4,4,6.553933404025811,2,0,4,3,2,2,1,3.4965075614664802,1,1,2,1,1,0,1,1
1.9459101490553132,1,1,5.8944028342648505,0,0,4,0,2,4,1,3.970291913552122,1,1,2,3,1,0,1,1
2.9444389791664403,0,0,7.682482446534506,2,0,4,2,2,2,1,3.367295829986474,1,1,1,1,1,1,1,0
2.5649493574615367,6,6,6.373319789577012,2,0,4,2,0,4,2,3.044522437723423,1,2,2,1,1,0,1,1
3.2188758248682006,6,6,7.776954403322442,2,3,4,3,2,4,2,4.174387269895637,0,2,1,3,1,0,1,1
1.9459101490553132,0,0,7.463936604468925,0,0,1,3,2,2,2,3.5553480614894135,1,1,2,3,1,0,1,1
3.2188758248682006,1,1,7.1592919047975645,4,1,4,0,2,4,3,3.4965075614664802,1,2,1,1,1,0,1,0
2.5649493574615367,1,1,7.310550158534422,2,3,4,3,2,1,2,3.6635616461296463,1,1,2,3,2,0,1,1
3.2188758248682006,0,0,7.568379267836522,2,3,4,1,2,4,2,3.4657359027997265,1,1,2,1,1,1,1,0
2.5649493574615367,6,6,7.194436851100335,2,2,2,3,2,1,1,3.1354942159291497,2,1,1,1,1,0,1,0
3.332204510175204,0,0,7.835579246669965,2,2,4,0,2,1,0,3.4965075614664802,1,1,1,1,2,1,1,1
2.302585092994046,5,5,7.1808311990445555,2,3,1,3,2,4,1,3.044522437723423,1,1,1,1,1,0,1,1
3.6109179126442243,4,4,7.729295674310482,2,1,3,3,2,1,1,3.4965075614664802,1,1,2,1,2,0,1,1
2.9444389791664403,5,5,7.813591552952433,2,4,4,3,2,1,1,3.258096538021482,1,1,1,2,1,0,1,0
2.5649493574615367,5,5,7.1569563646156364,2,0,2,0,2,4,1,3.044522437723423,1,2,1,1,1,0,1,0
1.6094379124341003,5,5,6.400257445308821,2,2,1,0,2,3,2,3.1780538303479458,1,2,1,3,2,0,1,1
2.302585092994046,6,6,7.2991214627108,2,1,4,3,2,2,1,3.1354942159291497,1,1,1,1,1,0,1,0
1.9459101490553132,6,6,6.251903883165888,2,0,3,0,2,1,2,3.4011973816621555,1,1,1,1,1,0,1,1
3.2188758248682006,2,2,7.214504414151143,4,3,4,3,2,3,1,3.713572066704308,2,1,1,0,1,1,1,0
2.772588722239781,6,6,7.101675971619444,1,3,4,3,2,3,0,3.871201010907891,2,1,1,1,1,1,1,1
3.044522437723423,5,5,8.360071435644025,2,3,1,0,2,4,0,3.2188758248682006,1,1,2,1,1,0,1,1
2.5649493574615367,6,6,6.996681488176539,2,0,4,0,1,4,2,3.912023005428146,1,1,2,1,1,1,1,1
3.6109179126442243,6,6,8.403800504061147,2,0,4,3,2,2,1,3.295836866004329,1,1,2,0,1,1,1,0
1.9459101490553132,5,5,7.226209010100671,2,0,1,3,2,2,2,3.6109179126442243,0,1,1,3,1,1,1,1
2.772588722239781,1,1,6.85751406254539,2,3,4,3,2,3,1,3.5263605246161616,1,2,2,1,2,0,1,0
2.772588722239781,6,6,6.960347729101308,2,2,4,2,2,2,2,3.332204510175204,1,1,1,1,1,0,0,1
3.6109179126442243,6,6,8.406038142050075,2,3,4,3,2,2,1,3.4657359027997265,1,1,1,1,1,0,1,1
1.9459101490553132,4,4,6.954638864880987,2,0,2,0,2,4,0,3.9318256327243257,1,1,1,3,1,0,1,1
3.2188758248682006,8,8,6.843749949006225,2,2,4,2,2,3,1,3.332204510175204,1,1,2,3,1,0,1,1
3.2188758248682006,1,1,7.75190533307861,0,1,2,3,2,3,1,3.4965075614664802,0,1,1,1,1,0,1,1
3.2188758248682006,4,4,7.564238475170491,4,0,3,0,2,2,1,3.5263605246161616,1,1,2,1,1,1,1,1
3.367295829986474,1,1,8.295798110636145,2,0,3,3,2,2,1,3.828641396489095,1,1,1,3,1,0,1,0
1.9459101490553132,1,1,7.094234845924755,0,0,4,3,2,1,3,3.58351893845611,0,2,1,1,1,0,0,1
2.5649493574615367,8,8,5.8289456176102075,2,3,4,2,2,1,1,3.828641396489095,0,1,1,3,1,0,1,1
2.772588722239781,3,3,6.774223886357614,4,2,4,0,2,1,2,3.2188758248682006,1,1,1,1,1,0,1,1
3.2188758248682006,5,5,8.30844552038576,2,1,3,1,2,3,1,3.784189633918261,1,1,1,1,1,1,1,0
3.4339872044851463,5,5,8.143807976771484,0,0,2,0,0,4,1,3.091042453358316,1,2,1,1,1,0,1,0
2.5649493574615367,2,2,7.528869256642251,2,4,4,3,2,2,1,3.5553480614894135,1,1,2,0,1,1,1,1
3.2188758248682006,6,6,7.508787170634276,2,4,4,3,2,2,1,3.4339872044851463,2,1,1,0,2,0,1,0
2.5649493574615367,1,1,7.193685818395112,2,2,4,3,2,1,2,3.295836866004329,1,1,1,1,1,0,1,1
2.9444389791664403,5,5,7.661527081358517,2,0,4,0,2,4,2,3.2188758248682006,1,2,2,1,1,0,1,0
2.9444389791664403,6,6,7.317212408359839,2,0,4,3,2,2,3,3.4965075614664802,1,0,1,0,1,1,1,1
3.2188758248682006,0,0,7.151485463904735,3,0,2,1,2,4,2,3.6109179126442243,1,1,2,1,1,1,1,1
2.5649493574615367,1,1,7.150701457592526,2,2,3,0,2,1,2,3.6375861597263857,1,1,1,3,1,0,1,0
3.2188758248682006,5,5,8.116715624819111,1,2,4,3,2,4,3,3.4339872044851463,1,0,1,1,2,1,1,0
3.4339872044851463,1,1,7.687997166393016,4,3,4,3,2,4,2,3.6109179126442243,1,1,2,1,1,0,1,1
3.2188758248682006,0,0,7.352441100243583,2,1,4,3,2,4,1,3.9318256327243257,0,1,1,1,1,1,1,1
2.5649493574615367,1,1,7.16703787691222,2,2,3,0,2,1,1,3.258096538021482,1,2,1,1,1,0,1,0
3.2188758248682006,1,1,7.839525581704678,2,3,4,3,2,4,1,3.871201010907891,1,1,2,3,2,0,1,0
3.2188758248682006,6,6,8.065265208897733,2,2,4,0,2,4,0,3.295836866004329,1,1,1,1,1,1,1,1
3.091042453358316,1,1,8.23323750070527,4,1,2,3,0,2,2,3.2188758248682006,1,1,1,3,1,0,0,1
2.5649493574615367,2,2,7.254177846456518,3,1,3,3,2,2,0,4.02535169073515,1,1,1,1,1,0,0,1
3.091042453358316,2,2,8.5657928612523,4,0,1,3,2,3,1,3.295836866004329,1,1,1,1,1,0,1,1
2.772588722239781,2,2,8.446341450444287,2,0,3,3,2,2,1,3.4339872044851463,1,1,1,1,1,1,1,1
2.3978952727983707,5,5,7.635303886259415,4,0,2,2,2,1,1,3.295836866004329,1,1,2,1,1,0,0,1
2.772588722239781,6,6,7.590852123688581,4,3,4,3,2,2,1,3.58351893845611,1,1,1,1,1,0,1,1
2.5649493574615367,1,1,6.915723448631314,3,0,4,2,2,1,2,3.1354942159291497,1,1,1,1,1,0,1,1
1.9459101490553132,7,7,6.12029741895095,2,2,3,2,2,1,0,3.1354942159291497,1,1,1,3,1,0,1,1
3.2188758248682006,6,6,8.205491613120236,2,0,2,0,2,4,1,3.367295829986474,1,1,1,1,1,0,1,1
2.772588722239781,5,5,7.520776415062797,2,2,4,0,1,1,0,3.8501476017100584,1,2,1,1,1,0,1,1
2.5649493574615367,5,5,7.717351272185329,2,3,3,3,2,3,0,4.110873864173311,1,1,2,1,1,0,1,0
2.9444389791664403,4,4,7.122866658599083,4,0,4,3,2,4,3,4.127134385045092,1,0,1,1,1,0,1,1
1.9459101490553132,6,6,7.349230824613334,2,1,1,0,2,2,1,3.2188758248682006,1,2,2,1,1,1,1,1
2.5649493574615367,2,2,8.450198322591959,4,2,1,0,2,4,1,3.044522437723423,1,2,1,1,1,0,1,1
2.9444389791664403,6,6,7.650168700845001,2,0,4,3,0,2,2,3.6375861597263857,2,1,1,1,1,0,1,0
3.6888794541139363,6,6,8.503905297089302,2,1,2,3,1,2,2,3.258096538021482,1,1,2,1,1,0,1,0
2.9444389791664403,5,5,8.022896869601457,2,2,1,0,2,1,0,3.828641396489095,2,1,1,3,1,0,1,1
2.4849066497880004,1,1,8.270269111436624,2,0,2,3,2,2,2,3.6109179126442243,1,2,2,1,2,0,1,1
1.9459101490553132,1,1,6.511745329644728,2,4,1,0,2,4,2,4.007333185232471,1,1,1,2,1,1,1,1
2.5649493574615367,6,6,7.141245122350491,2,0,3,3,2,2,1,3.258096538021482,1,1,1,1,1,0,1,1
3.2188758248682006,5,5,8.029432840581244,0,3,4,3,2,4,3,3.4339872044851463,1,0,1,1,1,0,1,1
3.2188758248682006,6,6,7.414572881350589,2,2,4,0,2,2,1,3.4011973816621555,1,2,1,3,1,1,1,0
3.6109179126442243,1,1,7.944846711001996,2,2,4,1,2,4,1,3.332204510175204,1,1,2,1,1,0,1,0
3.091042453358316,1,1,7.763871287820222,2,0,1,1,2,4,0,3.871201010907891,1,1,2,1,1,0,1,1
3.044522437723423,1,1,7.71244383427499,2,0,4,2,1,2,0,3.5263605246161616,0,2,2,1,1,0,0,0
2.1972245773362196,6,6,6.634633357861686,2,1,4,0,1,2,2,3.8066624897703196,1,1,1,3,1,0,1,1
2.5649493574615367,5,5,7.719573989259581,2,0,1,0,2,2,1,3.8501476017100584,1,1,1,3,1,0,1,1
2.772588722239781,6,6,7.294377299288821,2,0,4,3,2,4,3,3.58351893845611,1,0,2,1,1,1,1,1
3.2188758248682006,6,6,8.19478163844336,0,3,2,3,2,4,1,3.4657359027997265,1,1,2,1,1,0,1,0
3.2188758248682006,2,2,8.197814032221203,2,0,1,0,1,4,1,3.1354942159291497,0,2,1,1,1,0,0,1
3.2188758248682006,6,6,7.7823903355874595,1,3,3,3,2,2,1,3.58351893845611,0,1,2,1,1,1,1,0
2.5649493574615367,6,6,6.787844982309579,4,0,4,0,2,2,1,3.091042453358316,1,1,1,1,1,0,1,1
2.772588722239781,1,1,8.176672771948455,4,0,3,3,2,2,3,3.4011973816621555,1,1,1,1,1,0,1,1
1.9459101490553132,8,8,6.838405200847344,4,1,1,0,2,3,0,3.6888794541139363,1,1,2,3,1,0,1,1
2.5649493574615367,1,1,7.004881989712859,2,0,3,2,2,2,2,3.332204510175204,1,1,2,1,1,1,1,1
3.332204510175204,0,0,8.540519016719735,2,1,3,3,2,4,1,3.295836866004329,1,1,2,1,1,0,1,1
3.4339872044851463,6,6,8.003697339094368,4,3,2,0,2,4,1,3.258096538021482,1,1,1,1,1,0,1,1
2.772588722239781,1,1,8.580167990577626,1,3,1,0,2,4,3,3.58351893845611,1,0,1,1,1,0,1,1
2.772588722239781,6,6,7.148345743900068,4,0,3,3,2,4,3,3.6888794541139363,1,0,2,1,1,1,1,0
2.3978952727983707,6,6,7.562681246721884,2,0,1,3,2,4,0,3.6635616461296463,1,1,1,1,1,1,0,1
2.3978952727983707,1,1,7.160845906664299,4,3,4,3,0,2,0,3.828641396489095,1,1,1,3,1,0,0,1
1.9459101490553132,2,2,7.1204443723924875,1,0,2,3,2,4,0,3.9318256327243257,1,2,1,1,1,0,1,1
3.332204510175204,6,6,8.136518252115291,2,0,3,3,2,2,1,3.332204510175204,1,1,1,0,1,0,1,1
1.9459101490553132,6,6,6.55250788703459,4,3,4,3,2,4,3,3.6109179126442243,1,0,2,1,1,0,1,1
1.9459101490553132,1,1,7.216709486709457,2,2,2,3,2,4,2,3.713572066704308,1,1,1,3,2,0,0,1
2.9444389791664403,1,1,6.962243464266207,2,2,4,0,2,1,0,3.4339872044851463,1,1,2,1,1,0,1,1
3.6109179126442243,4,4,7.589841512182657,4,3,4,3,2,4,3,3.713572066704308,1,1,1,0,1,1,1,0
2.5649493574615367,1,1,7.063903961472068,2,0,4,2,2,3,2,3.332204510175204,1,1,1,3,1,0,1,1
2.9444389791664403,6,6,7.171656822768514,2,3,4,2,1,2,2,3.4965075614664802,1,1,1,3,1,0,1,1
2.3978952727983707,1,1,7.344072850573066,2,0,3,3,2,2,2,3.4657359027997265,1,1,1,3,2,0,0,1
2.772588722239781,6,6,6.688354713946762,2,3,4,3,2,3,1,3.6375861597263857,1,1,1,1,2,0,1,0
2.9444389791664403,5,5,8.138272638530186,2,3,4,3,2,4,0,3.871201010907891,0,1,3,1,2,1,1,1
3.2188758248682006,1,1,7.80954132465341,0,1,4,2,2,3,0,3.332204510175204,1,1,2,1,1,1,1,1
2.772588722239781,1,1,7.247080584585756,2,0,2,0,2,4,1,3.367295829986474,1,2,1,1,1,0,1,1
2.1972245773362196,0,0,6.811244378601294,2,2,3,2,2,2,2,3.295836866004329,1,1,1,1,1,1,1,1
3.332204510175204,2,2,8.693831965074693,2,3,1,3,2,2,1,3.4339872044851463,1,1,2,0,1,1,1,1
3.2188758248682006,5,5,8.175547596021026,2,1,3,3,2,4,1,3.332204510175204,0,1,1,1,1,0,1,0
2.5649493574615367,5,5,8.665957964681349,4,3,2,3,2,4,0,3.912023005428146,1,2,1,1,1,1,1,1
2.9444389791664403,6,6,7.713784616598755,2,0,2,0,2,1,1,3.258096538021482,1,1,2,1,1,0,1,1
2.772588722239781,2,2,8.016317898503415,2,1,2,3,2,2,1,3.5263605246161616,1,1,1,1,1,0,1,1
2.302585092994046,6,6,7.037905963447182,2,0,4,3,2,4,2,3.258096538021482,1,1,2,3,1,0,1,1
1.9459101490553132,1,1,5.5254529391317835,3,0,2,0,2,2,2,3.7376696182833684,0,1,2,3,1,0,1,1
3.2188758248682006,5,5,8.335671314792847,2,0,4,3,2,4,0,3.367295829986474,1,1,1,1,1,0,1,1
2.0794415416798357,6,6,6.741700694652055,4,3,3,3,2,4,3,3.6109179126442243,1,0,1,1,1,0,1,1
3.6109179126442243,2,2,8.452547997922705,2,0,2,3,2,2,3,3.4965075614664802,1,0,1,0,1,1,1,1
2.302585092994046,4,4,6.842683282238422,1,3,4,3,2,2,1,3.970291913552122,1,1,2,1,1,1,1,1
3.6109179126442243,5,5,8.55256033525353,2,1,4,3,2,2,0,3.4011973816621555,1,1,1,1,1,0,1,0
3.332204510175204,0,0,7.8009820712577405,2,3,4,3,2,4,1,3.784189633918261,2,1,4,0,2,1,1,1
3.4339872044851463,6,6,8.418697944667139,2,1,4,0,2,4,1,3.295836866004329,1,2,1,0,1,1,1,1
3.2188758248682006,0,0,8.352790135124629,2,0,1,3,2,4,2,3.6109179126442243,1,1,3,3,1,1,1,0
2.5649493574615367,5,5,6.858565034791365,0,2,4,0,2,4,1,3.332204510175204,0,2,4,1,1,0,1,0
1.9459101490553132,6,6,7.232010331664759,2,0,1,0,2,1,1,3.367295829986474,1,1,2,1,1,1,1,1
2.9444389791664403,6,6,7.5688956634069955,4,1,2,2,2,4,1,3.1780538303479458,1,2,2,3,1,0,1,1
3.4339872044851463,6,6,7.532623618788788,4,3,4,3,2,4,1,4.07753744390572,1,1,1,1,1,1,1,1
3.2188758248682006,5,5,7.81762544305337,1,0,4,3,2,4,2,3.1354942159291497,2,1,1,1,1,1,1,1
3.2188758248682006,1,1,7.160845906664299,3,3,4,0,2,4,2,3.6375861597263857,1,1,2,1,1,1,1,1
3.2188758248682006,2,2,8.600430789986293,4,4,2,0,2,4,0,3.295836866004329,1,2,1,0,1,1,1,1
3.2188758248682006,6,6,7.584773077612199,2,3,4,0,2,4,1,3.044522437723423,1,1,1,1,1,1,1,1
2.5649493574615367,0,0,7.078341579557671,2,0,3,0,2,2,2,3.332204510175204,1,1,2,1,1,0,1,1
2.9444389791664403,5,5,7.0317412587631285,2,4,4,0,2,2,1,3.5263605246161616,1,1,1,1,1,0,1,0
3.2188758248682006,2,2,8.304742269640771,4,1,3,3,2,4,0,3.784189633918261,1,1,2,1,1,1,1,1
3.332204510175204,0,0,8.272826003650401,2,0,4,3,2,2,1,3.6109179126442243,1,1,1,1,2,1,1,0
3.2188758248682006,2,2,8.322151070212902,1,2,3,0,2,4,1,3.367295829986474,1,2,1,1,1,0,1,0
2.302585092994046,5,5,7.616283561580385,4,1,2,3,2,1,1,3.2188758248682006,1,1,1,1,1,1,1,1
2.5649493574615367,6,6,7.754481547470383,4,3,1,3,0,4,2,3.912023005428146,1,1,1,1,1,1,1,1
3.6109179126442243,1,1,8.03268487596762,4,0,4,3,2,4,2,3.6109179126442243,1,1,1,1,1,0,1,1
2.5649493574615367,1,1,7.660585461703256,2,0,3,3,2,2,2,3.6888794541139363,1,2,2,3,2,0,0,1
1.9459101490553132,5,5,7.999342952713282,1,0,1,3,2,2,1,3.4965075614664802,1,1,1,1,1,1,1,1
3.4339872044851463,6,6,7.833203948641057,2,3,1,3,1,3,0,3.6888794541139363,1,1,1,1,2,0,1,1
2.5649493574615367,5,5,7.4133673356952405,2,0,2,3,2,2,2,3.332204510175204,1,1,1,1,1,0,1,1
2.5649493574615367,6,6,7.336285660021297,2,2,1,2,2,1,2,3.1780538303479458,1,2,1,1,1,0,1,0
2.772588722239781,5,5,8.200837258379849,2,3,1,0,2,4,0,3.332204510175204,1,1,2,3,1,0,1,1
2.772588722239781,0,0,7.89655270164304,2,1,2,3,2,4,0,3.295836866004329,1,2,1,1,1,1,1,1
3.2188758248682006,0,0,7.946617563244473,4,1,4,3,2,3,3,3.5553480614894135,1,1,2,1,2,1,1,1
3.2188758248682006,5,5,7.632885505395133,2,4,3,0,2,2,0,3.5553480614894135,1,1,1,0,1,1,1,0
3.2188758248682006,5,5,7.368970402194793,2,1,4,3,2,3,0,3.713572066704308,1,1,2,1,1,0,1,1
2.5649493574615367,8,8,7.252053951852814,2,0,2,3,2,2,2,3.4657359027997265,1,1,1,3,1,1,1,1
2.5649493574615367,6,6,7.412160334945205,2,3,2,3,2,4,2,4.1588830833596715,1,1,2,3,1,1,1,1
2.772588722239781,2,2,8.187299270155147,2,2,1,0,2,2,0,3.8501476017100584,1,1,2,3,1,0,1,1
2.9444389791664403,6,6,7.27655640271871,4,1,4,3,2,4,1,3.912023005428146,0,1,1,3,1,0,1,1
3.6109179126442243,6,6,8.40178233990491,2,0,4,0,2,4,2,3.5553480614894135,1,1,2,1,1,0,1,1
2.5649493574615367,4,4,8.179199798423086,4,2,2,3,2,1,0,3.6375861597263857,1,1,2,3,2,0,1,1
2.4849066497880004,0,0,7.669961995473577,3,3,1,1,2,2,2,3.367295829986474,1,1,1,1,1,1,1,1
2.772588722239781,7,7,7.323170717943469,0,0,4,3,1,2,2,3.1354942159291497,1,1,1,1,1,0,1,1
2.5649493574615367,6,6,7.703007682479236,2,0,4,3,2,3,0,3.2188758248682006,1,1,1,3,1,0,1,1
2.772588722239781,5,5,7.2991214627108,2,3,4,3,2,4,1,3.8066624897703196,1,1,2,1,2,1,1,1
3.4339872044851463,6,6,7.447751280047908,4,0,4,0,2,1,1,3.295836866004329,1,1,1,1,1,0,1,1
2.9444389791664403,1,1,7.333676395657684,2,0,3,3,2,2,0,3.4965075614664802,0,1,2,1,1,0,1,0
2.9444389791664403,0,0,8.39840965542627,2,3,1,3,0,1,2,3.5263605246161616,0,1,1,0,1,1,1,1
3.091042453358316,1,1,7.3796321526095525,2,3,4,2,2,3,1,3.4339872044851463,1,1,2,1,1,1,1,1
2.5649493574615367,1,1,7.135687347028144,2,3,4,3,2,4,2,4.127134385045092,1,1,2,3,1,0,1,1
3.2188758248682006,5,5,7.947678571301568,1,0,4,3,2,4,2,3.1354942159291497,2,1,1,1,1,1,1,1
3.6109179126442243,6,6,8.674025985443025,2,0,4,3,2,1,1,3.2188758248682006,1,1,1,1,1,0,1,1
2.3978952727983707,1,1,6.946013991099227,2,1,4,3,0,3,0,3.912023005428146,1,1,2,1,1,1,1,1
2.5649493574615367,5,5,8.111328003286733,2,3,2,3,2,4,0,3.7612001156935624,2,1,1,1,1,0,1,1
2.772588722239781,1,1,7.828834527588089,2,4,1,0,2,4,1,3.1780538303479458,1,2,1,1,1,0,1,1
3.2188758248682006,2,2,7.981049759665957,2,0,3,3,1,4,3,4.1588830833596715,0,1,1,1,2,1,1,1
1.9459101490553132,5,5,7.342131730584722,3,0,4,1,2,2,2,3.5263605246161616,1,1,1,1,1,0,1,1
3.2188758248682006,4,4,7.37650812632622,2,3,4,3,2,4,3,4.007333185232471,1,0,2,1,2,0,1,1
2.9444389791664403,0,0,7.543273346705446,4,0,4,2,2,4,2,3.367295829986474,0,1,2,1,1,0,1,1
2.3978952727983707,1,1,7.177782416195197,4,0,4,3,1,4,0,3.332204510175204,1,1,1,3,1,0,1,0
3.091042453358316,6,6,7.865955413933502,2,2,4,0,2,4,0,3.367295829986474,1,2,1,0,1,1,1,1
2.772588722239781,7,7,7.321849713788356,3,0,3,2,2,3,0,4.127134385045092,2,1,2,1,1,0,1,0
3.2188758248682006,5,5,8.321421586897879,2,3,3,3,2,4,3,3.1780538303479458,0,2,2,1,2,0,1,0
2.5649493574615367,5,5,8.193676665955241,2,3,1,3,2,4,1,3.367295829986474,1,2,3,1,1,1,1,1
3.2188758248682006,1,1,7.22402480828583,4,0,4,0,2,4,2,3.258096538021482,1,2,1,1,1,0,1,0
3.4339872044851463,5,5,7.786136437783072,2,1,4,0,2,4,2,3.1780538303479458,1,2,1,1,1,0,1,0
3.2188758248682006,2,2,8.451053388911692,2,1,3,3,2,3,1,3.58351893845611,1,1,2,3,1,1,1,1
3.2188758248682006,6,6,8.547334348328224,2,1,4,3,2,2,1,3.258096538021482,0,1,1,1,1,0,1,1
2.5649493574615367,0,0,6.981934677156389,2,0,2,2,2,2,2,3.295836866004329,1,1,1,1,1,1,0,1
2.9444389791664403,5,5,7.335633981927201,2,2,4,2,0,1,0,3.784189633918261,1,1,1,3,2,0,1,0
1.9459101490553132,6,6,6.625392368007956,2,0,2,0,1,3,2,4.174387269895637,1,1,1,1,1,0,1,1
2.5649493574615367,1,1,8.047189562170502,2,2,1,3,2,3,2,3.912023005428146,0,1,2,3,2,0,1,1
1.9459101490553132,7,7,6.493753839851686,1,1,2,2,2,4,2,3.1780538303479458,1,2,1,3,1,0,1,1
1.9459101490553132,1,1,8.209852481301272,2,0,1,3,2,3,2,3.6375861597263857,1,2,3,1,2,0,1,1
2.5649493574615367,1,1,6.729824070489475,0,2,4,0,2,2,0,3.1780538303479458,0,1,1,3,1,0,1,0
3.2188758248682006,5,5,7.615298339825815,2,1,2,3,2,2,0,3.4339872044851463,1,1,2,3,1,0,1,1
2.302585092994046,6,6,7.051855622955894,2,3,2,3,2,4,2,3.6375861597263857,1,1,3,3,1,0,1,1
3.044522437723423,1,1,8.156510226079966,4,2,2,1,2,4,2,3.8066624897703196,1,1,2,1,1,1,1,1
2.5649493574615367,1,1,6.539585955617669,2,3,4,3,2,3,0,3.58351893845611,1,1,2,1,1,0,1,0
2.9444389791664403,1,1,7.274479558773871,2,1,4,3,2,4,3,3.4965075614664802,1,0,2,3,2,0,1,0
3.2188758248682006,5,5,7.970049304976135,2,3,3,1,2,4,3,3.9512437185814275,1,0,1,1,1,0,1,1
3.091042453358316,5,5,8.28828304520769,4,1,2,3,2,3,1,3.58351893845611,1,1,1,1,1,1,1,1
2.772588722239781,6,6,7.2991214627108,2,0,4,2,2,3,2,3.5263605246161616,0,1,2,1,1,0,1,1
2.5649493574615367,5,5,7.996317231796746,2,2,4,0,2,3,0,3.258096538021482,1,2,2,1,1,0,1,0
2.5649493574615367,1,1,7.769378609513984,1,1,3,1,2,3,1,3.6109179126442243,1,1,1,0,1,1,1,1
3.6109179126442243,5,5,7.918264686095274,2,3,4,3,2,4,1,3.4657359027997265,0,1,1,1,1,0,1,0
3.6109179126442243,6,6,8.252185436003328,4,3,2,0,2,4,2,3.828641396489095,1,1,1,3,1,1,1,1
2.772588722239781,7,7,7.1770187659099,2,3,4,3,2,4,1,3.6635616461296463,1,1,2,3,1,0,1,1
3.2188758248682006,5,5,7.755338812846501,4,2,4,3,2,2,0,3.4011973816621555,0,1,1,3,1,0,1,1
3.091042453358316,5,5,7.715123603632105,2,3,4,3,2,2,2,3.9318256327243257,1,1,2,1,1,0,1,1
3.2188758248682006,0,0,7.999342952713282,4,0,4,3,2,4,2,3.4965075614664802,1,1,2,1,2,1,1,1
2.5649493574615367,6,6,6.884486652042782,4,3,4,3,2,4,1,3.58351893845611,1,1,2,1,1,0,1,1
2.3978952727983707,8,8,6.796823718274855,4,1,4,0,2,3,0,3.713572066704308,1,1,1,1,1,1,1,1
3.2188758248682006,1,1,7.1308988302963465,2,2,4,2,2,2,2,3.367295829986474,1,1,1,1,1,0,1,1
2.5649493574615367,1,1,8.168486417126681,4,2,2,3,2,3,0,3.828641396489095,1,1,1,0,2,1,1,1
2.5649493574615367,1,1,8.160518247477505,2,0,3,0,0,2,2,3.4011973816621555,1,1,2,1,1,0,1,0
2.772588722239781,7,7,7.875499292445208,0,0,3,0,2,2,2,3.258096538021482,1,1,1,3,1,0,1,1
2.5649493574615367,1,1,6.530877627725885,2,1,2,2,2,3,1,3.258096538021482,0,1,1,3,1,0,1,0
3.4339872044851463,0,0,7.825644732219989,0,3,4,3,2,2,0,3.7376696182833684,2,1,2,1,1,0,1,1
3.2188758248682006,6,6,7.8551570058813445,3,3,2,3,2,2,1,3.5553480614894135,1,1,1,1,1,0,1,1
2.9444389791664403,6,6,7.282073658093465,2,2,3,0,2,1,2,3.295836866004329,1,1,1,1,1,0,1,1
2.4849066497880004,1,1,7.187657164114956,3,0,4,0,2,4,1,3.713572066704308,1,1,2,1,1,0,1,1
2.3978952727983707,1,1,7.116394144093465,2,3,3,3,2,4,2,3.4965075614664802,1,1,2,3,2,0,0,1
1.9459101490553132,1,1,7.098375638590786,2,4,4,3,2,4,0,3.871201010907891,1,1,1,0,1,1,1,0
2.5649493574615367,6,6,7.5678626054638825,2,3,2,3,2,2,3,3.295836866004329,1,1,2,1,1,0,1,1
2.5649493574615367,1,1,7.958576903813898,4,4,4,3,2,4,3,3.6635616461296463,1,1,1,0,1,1,1,1
2.772588722239781,2,2,8.122371243406553,3,3,3,3,2,4,3,3.1780538303479458,1,2,2,1,1,1,1,1
3.4339872044851463,1,1,8.563122123304638,2,4,4,2,2,2,1,3.367295829986474,1,1,2,0,1,0,1,0
3.713572066704308,4,4,8.699348067653093,2,0,4,3,2,3,3,3.332204510175204,0,1,1,1,1,1,1,0
2.9444389791664403,6,6,7.064759027791802,4,0,4,3,2,3,0,3.4011973816621555,1,1,2,1,1,1,1,1
2.9444389791664403,1,1,6.884486652042782,2,2,1,0,2,2,1,3.1780538303479458,1,1,1,3,1,0,1,0
3.2188758248682006,0,0,8.32845106681936,0,0,3,3,2,3,0,3.332204510175204,1,1,2,3,1,1,1,1
2.5649493574615367,6,6,7.123672785204607,4,3,4,0,2,2,2,3.6635616461296463,1,1,2,1,1,1,1,1
3.2188758248682006,6,6,7.228388451573604,0,3,4,0,2,2,3,3.871201010907891,1,0,1,1,1,1,1,1
3.6109179126442243,2,2,8.611411866655219,2,3,2,3,2,4,3,3.7612001156935624,1,0,1,1,2,0,1,1
3.091042453358316,6,6,8.119100837637486,3,2,4,0,2,2,1,3.4011973816621555,0,1,1,1,1,0,1,1
2.5649493574615367,6,6,7.683403681053826,2,2,2,0,2,2,1,3.4011973816621555,0,1,1,1,1,0,1,1
3.6109179126442243,6,6,7.7406644019172415,1,3,4,3,2,4,1,3.6888794541139363,1,1,1,1,1,0,1,1
2.772588722239781,2,2,8.246171559857563,0,2,1,0,2,4,1,3.1780538303479458,1,1,1,1,1,1,1,1
2.5649493574615367,6,6,7.582738488914411,2,1,4,3,2,2,1,3.4657359027997265,1,2,2,0,2,1,1,1
2.3978952727983707,3,3,7.111512116496157,2,0,2,3,2,2,1,3.6375861597263857,1,1,1,1,1,1,1,1
3.6109179126442243,6,6,8.18757739559151,2,3,4,3,2,2,1,3.367295829986474,1,1,1,1,1,0,1,1
3.6109179126442243,6,6,8.244071270295786,2,0,4,0,2,1,1,3.7612001156935624,1,1,1,1,1,1,1,0
2.9444389791664403,1,1,7.9287663216266955,2,1,2,3,2,2,0,3.4657359027997265,0,1,2,1,1,0,1,0
1.9459101490553132,4,4,6.1070228877422545,2,2,4,0,2,4,0,3.1780538303479458,1,1,1,1,1,0,1,0
2.5649493574615367,0,0,7.341483852363161,2,1,2,3,2,4,1,3.6109179126442243,1,1,1,1,1,1,1,1
1.9459101490553132,1,1,6.413458957167357,2,1,4,0,2,3,0,3.6375861597263857,1,1,2,1,1,0,0,1
2.5649493574615367,1,1,6.9874902470009905,2,0,4,3,2,4,1,3.8918202981106265,0,1,2,1,1,0,1,0
2.5649493574615367,1,1,7.059617628291383,1,0,4,3,2,4,2,3.8066624897703196,1,1,1,1,1,1,1,1
2.772588722239781,6,6,7.183111701743281,1,0,2,2,2,2,0,3.871201010907891,1,1,2,3,1,0,1,1
2.9444389791664403,6,6,7.62657020629066,2,2,4,3,2,1,2,3.5263605246161616,1,1,1,1,1,0,1,1
2.9444389791664403,1,1,6.785587645007929,2,3,4,3,2,4,1,3.6109179126442243,0,1,1,1,2,1,1,0
2.9444389791664403,5,5,7.16703787691222,2,2,4,0,2,1,0,3.332204510175204,1,1,2,1,1,0,1,1
2.9444389791664403,1,1,6.963189985870238,2,3,3,3,1,3,2,3.4339872044851463,0,1,2,1,1,0,1,0
2.302585092994046,5,5,7.741533589281828,0,2,2,0,2,4,0,3.1354942159291497,1,2,1,1,1,0,1,1
2.5649493574615367,5,5,6.638567789166521,2,0,4,0,2,1,2,3.295836866004329,1,1,1,1,1,1,1,1
2.4849066497880004,1,1,8.27893600229198,2,0,1,3,2,2,2,3.713572066704308,1,1,2,3,2,0,1,1
2.5649493574615367,4,4,7.2399325913204695,2,3,4,3,2,4,0,3.871201010907891,0,1,3,1,2,1,1,1
2.5649493574615367,7,7,7.011213987350367,2,1,4,3,2,3,2,3.367295829986474,1,1,2,1,1,0,1,0
2.3978952727983707,1,1,7.715123603632105,2,2,1,3,2,3,2,3.8918202981106265,1,2,2,3,2,0,0,1
2.5649493574615367,3,3,7.261927092702751,2,1,4,3,2,3,0,3.295836866004329,1,1,1,1,1,0,1,1
1.9459101490553132,1,1,6.664409020350408,4,0,1,3,1,2,2,3.295836866004329,2,1,1,3,2,0,1,1
2.302585092994046,5,5,6.823286122355687,2,0,4,0,2,1,0,3.4339872044851463,1,1,1,1,1,0,1,0
2.302585092994046,1,1,6.484635235635252,2,0,4,3,2,3,1,3.367295829986474,1,1,1,3,1,0,1,0
2.5649493574615367,8,8,8.145549631783584,1,0,4,0,2,3,2,3.58351893845611,1,1,1,3,2,0,1,1
3.2188758248682006,6,6,7.550661243105336,0,0,4,3,2,4,1,3.4011973816621555,1,2,1,0,1,1,1,1
2.1972245773362196,2,2,7.060476365999801,2,3,3,3,2,4,3,3.9512437185814275,0,0,2,0,2,1,1,1
2.5649493574615367,5,5,7.924072324923417,4,3,1,0,2,2,0,3.258096538021482,0,1,1,1,1,1,1,0
2.3978952727983707,5,5,7.671826797878781,2,2,1,0,2,3,2,3.1780538303479458,1,2,2,1,1,0,1,1
2.3978952727983707,5,5,7.701200180857446,2,0,2,3,2,2,2,3.258096538021482,0,2,1,3,1,0,1,0
2.9444389791664403,1,1,6.9363427358340495,2,0,4,0,2,3,2,3.6109179126442243,1,1,2,1,1,0,1,1
3.2188758248682006,5,5,8.081784206935001,2,2,4,0,2,4,2,3.1780538303479458,1,2,1,3,1,1,1,0
3.2188758248682006,6,6,7.344072850573066,2,1,4,3,1,4,1,3.2188758248682006,0,2,1,3,1,0,1,0
2.5649493574615367,5,5,7.459914766241105,2,1,3,0,2,4,2,3.4657359027997265,1,1,1,3,1,0,1,1
2.772588722239781,6,6,7.286191714702382,2,0,4,0,2,2,1,3.784189633918261,1,1,1,3,1,0,1,1
2.4849066497880004,6,6,7.051855622955894,0,4,4,0,2,4,2,4.060443010546419,1,1,3,3,1,0,1,1
3.6109179126442243,6,6,8.114623886420098,4,3,4,3,2,2,1,3.9512437185814275,1,1,1,1,1,1,1,1
2.5649493574615367,6,6,7.731930721948486,4,0,4,3,2,4,3,3.6375861597263857,1,0,1,1,1,1,1,1
2.772588722239781,6,6,7.234898420314831,4,0,4,2,2,2,2,3.713572066704308,1,2,1,1,1,1,1,1
3.2188758248682006,5,5,8.005367067316664,4,0,2,2,2,4,1,3.044522437723423,1,1,1,1,1,0,1,0
2.772588722239781,5,5,7.706162970199576,1,0,2,0,2,4,1,3.044522437723423,1,2,1,1,1,0,1,1
2.9444389791664403,5,5,7.620705086838262,2,0,1,0,2,4,2,3.044522437723423,0,2,1,1,1,0,1,0
3.091042453358316,5,5,7.735870319952567,2,2,4,0,2,4,0,3.1780538303479458,1,1,1,1,1,1,1,1
1.9459101490553132,1,1,8.458928283284262,4,2,1,3,2,3,2,3.8066624897703196,1,1,2,3,2,0,1,1
3.4339872044851463,5,5,8.195057690895077,3,3,4,0,2,4,0,4.060443010546419,1,2,2,1,1,1,1,1
3.2188758248682006,1,1,8.491054533806542,2,0,3,3,2,4,3,3.9889840465642745,1,0,2,1,2,0,1,0
2.5649493574615367,6,6,6.259581464064923,1,3,4,3,2,4,0,3.7612001156935624,1,1,2,1,2,1,1,1
2.5649493574615367,1,1,8.20303024171486,3,0,1,3,2,3,0,3.4657359027997265,1,1,1,1,2,0,1,1
1.9459101490553132,0,0,7.27931883541462,0,3,1,1,2,2,1,3.4657359027997265,0,1,2,1,2,0,1,1
2.5649493574615367,4,4,7.918992488165245,2,3,2,0,2,4,3,4.060443010546419,0,0,3,3,1,0,1,1
2.5649493574615367,6,6,7.637234388789473,0,0,4,0,0,2,2,3.367295829986474,1,1,1,1,1,0,1,1
3.091042453358316,0,0,8.203304026795282,2,1,2,3,2,3,0,3.332204510175204,1,1,2,1,1,0,1,1
1.6094379124341003,6,6,7.315883504509785,2,1,2,3,2,1,2,3.7612001156935624,1,1,2,3,2,0,1,1
3.2188758248682006,2,2,7.994632311431825,4,3,4,3,2,4,3,3.912023005428146,0,0,1,1,2,1,1,1
1.9459101490553132,3,3,5.840641657373398,2,2,4,0,2,1,2,3.332204510175204,1,1,1,1,1,0,1,1
2.5649493574615367,1,1,7.660114319173928,2,0,4,3,2,2,0,3.4339872044851463,1,1,2,1,1,0,1,1
3.367295829986474,6,6,7.917171988845776,2,3,4,3,2,2,1,3.4011973816621555,1,1,2,1,1,0,1,1
3.2188758248682006,6,6,7.9714309977693505,0,2,2,3,2,1,1,3.4011973816621555,1,1,1,1,1,0,1,1
2.302585092994046,5,5,7.667158255319148,2,0,3,3,2,2,2,3.258096538021482,1,1,1,1,1,0,1,1
1.6094379124341003,1,1,7.3098814858247865,4,2,1,3,2,2,2,3.4011973816621555,1,1,1,3,2,0,0,1
1.9459101490553132,6,6,7.881559917056899,1,0,2,3,2,3,2,3.8066624897703196,1,2,1,1,2,0,1,1
3.2188758248682006,6,6,7.324489979348532,3,0,4,0,2,1,2,3.784189633918261,1,1,2,3,1,0,1,1
2.9444389791664403,1,1,8.385032287813898,0,0,3,3,2,4,1,3.58351893845611,1,1,1,3,2,1,1,1
2.5649493574615367,6,6,8.181440695719374,2,0,1,0,2,1,2,3.1780538303479458,1,1,1,3,1,0,1,1
2.302585092994046,4,4,7.036148493750536,3,3,4,3,2,3,3,3.4965075614664802,1,0,2,1,2,0,1,0
2.3978952727983707,1,1,7.21890970761906,2,0,2,0,2,4,1,4.174387269895637,1,1,1,1,1,1,1,1
2.772588722239781,6,6,7.358830898342354,0,3,4,3,2,4,1,3.5553480614894135,0,1,1,3,2,0,1,1
3.2188758248682006,5,5,8.027150106832774,1,3,4,3,2,3,3,3.4965075614664802,1,2,1,1,1,1,1,1
3.2188758248682006,1,1,7.908019444632471,2,0,3,0,2,4,0,3.044522437723423,1,2,1,3,1,1,1,0
3.2188758248682006,6,6,7.138073034044347,1,0,3,0,2,3,1,4.060443010546419,1,1,1,3,1,0,1,1
2.9444389791664403,5,5,7.500529485395295,2,1,4,0,2,1,2,3.1354942159291497,1,1,1,1,1,0,1,0
2.5649493574615367,5,5,6.5638555265321274,2,0,2,3,1,3,0,3.6635616461296463,1,1,1,3,2,0,1,1
3.2188758248682006,6,6,7.734121303328305,2,1,4,3,2,2,1,3.367295829986474,1,1,1,1,1,1,1,1
2.772588722239781,5,5,6.883462586413092,2,0,2,1,2,3,0,3.258096538021482,1,1,2,1,1,0,1,1
2.302585092994046,6,6,7.21890970761906,2,1,3,3,2,4,2,4.0943445622221,1,1,1,1,1,0,1,1
2.5649493574615367,6,6,6.576469569048224,2,3,4,3,2,4,2,3.970291913552122,1,1,3,1,1,0,1,1
3.2188758248682006,6,6,7.799753318287247,2,2,4,0,2,4,2,3.58351893845611,1,1,1,1,1,1,1,0
2.5649493574615367,1,1,7.665753431861699,4,3,4,0,2,4,3,3.970291913552122,1,0,1,0,1,1,1,1
2.9444389791664403,7,7,7.572502985020384,2,2,4,0,2,4,2,3.1780538303479458,1,1,1,1,1,0,1,0
2.5649493574615367,5,5,7.527793987721444,2,2,4,0,2,1,1,3.1354942159291497,1,2,1,1,1,0,1,1
2.9444389791664403,0,0,7.358193752733032,0,0,3,0,2,4,0,3.2188758248682006,1,2,1,3,1,0,1,1
3.6109179126442243,7,7,7.776954403322442,2,2,4,3,2,1,3,3.5263605246161616,1,2,1,3,1,0,1,0
2.302585092994046,6,6,7.9208096792886,0,3,3,3,0,4,1,3.58351893845611,1,1,1,1,1,1,1,1
2.5649493574615367,1,1,6.548219102762372,2,2,4,3,2,2,1,3.8501476017100584,0,1,2,1,1,1,1,0
2.1972245773362196,1,1,8.131236549696116,2,1,1,3,2,4,2,3.6888794541139363,1,1,2,3,1,0,0,1
2.9444389791664403,0,0,7.5569505720129,3,2,3,2,2,3,2,3.6109179126442243,0,1,1,1,1,1,1,1
3.6109179126442243,5,5,7.761744984658913,2,0,3,2,2,2,0,3.8501476017100584,1,1,2,1,1,1,1,1
2.5649493574615367,1,1,7.224753405767971,2,1,2,1,2,3,1,3.6109179126442243,1,1,1,1,1,0,1,0
3.332204510175204,0,0,8.574329382787047,2,4,2,3,2,4,0,3.9318256327243257,2,1,2,1,1,1,1,0
2.9444389791664403,2,2,8.080237416216702,4,4,2,3,2,4,3,3.6635616461296463,1,1,1,0,1,1,1,1
3.2188758248682006,5,5,7.563200592358071,2,0,2,3,2,2,2,3.295836866004329,1,1,1,1,1,0,1,1
2.5649493574615367,0,0,6.945051063725834,0,1,3,3,2,4,2,3.6888794541139363,1,1,1,3,1,0,1,1
2.5649493574615367,1,1,6.633318433280377,2,1,4,3,2,2,2,3.295836866004329,1,1,1,1,1,0,1,0
2.0794415416798357,6,6,7.753623546559746,2,2,1,0,1,1,2,3.828641396489095,1,1,1,1,1,0,1,1
1.9459101490553132,5,5,7.5352967024440884,2,4,4,3,2,4,3,3.6109179126442243,1,0,3,0,1,1,1,1
3.6109179126442243,0,0,7.671360923190644,2,1,2,3,2,1,1,3.2188758248682006,1,1,2,1,1,1,1,0
2.5649493574615367,5,5,6.891625897052253,3,2,1,0,2,4,2,2.995732273553991,1,2,1,3,1,0,1,1
2.9444389791664403,6,6,7.204892510204673,2,0,4,2,2,3,2,3.295836866004329,0,1,1,1,1,0,1,0
2.1972245773362196,6,6,7.254884810077338,2,0,4,3,1,2,2,3.5263605246161616,1,1,1,1,1,0,0,1
2.5649493574615367,6,6,8.012018239159062,2,0,3,2,2,1,1,3.2188758248682006,1,1,1,1,1,0,1,1
2.772588722239781,6,6,7.911690520708339,4,1,4,3,1,2,2,3.58351893845611,0,1,3,1,1,1,1,1
2.9444389791664403,0,0,7.576097340623111,2,1,4,3,2,1,1,3.5553480614894135,2,1,2,1,1,1,1,1
3.2188758248682006,2,2,8.260751354700513,2,3,4,0,2,2,1,3.7376696182833684,1,2,2,0,1,1,1,1
3.2188758248682006,6,6,7.348587530927593,0,1,3,0,2,2,0,3.1780538303479458,1,2,2,1,1,1,1,1
2.5649493574615367,1,1,7.855544677915663,2,2,4,3,2,1,2,3.5263605246161616,1,1,1,3,2,0,1,0
2.5649493574615367,5,5,7.141245122350491,4,3,2,1,2,4,0,3.912023005428146,1,1,1,3,1,1,1,1
2.772588722239781,5,5,7.933438387627489,2,1,2,0,0,3,1,3.2188758248682006,0,1,2,1,1,0,1,1
3.6109179126442243,1,1,6.813444599510896,1,3,4,3,2,4,0,3.6109179126442243,1,1,1,1,1,0,1,1
3.4339872044851463,6,6,8.660773919893762,2,1,4,0,2,2,1,3.258096538021482,1,1,2,1,1,0,1,1
2.0794415416798357,6,6,7.789868559054706,2,0,3,3,1,2,2,3.5553480614894135,1,1,1,1,1,0,1,1
3.332204510175204,5,5,8.417814747435958,3,2,4,3,2,2,2,3.4965075614664802,2,1,2,3,2,1,1,1
2.9444389791664403,0,0,7.872073979866873,0,0,4,3,2,4,1,3.5553480614894135,1,1,1,1,1,0,1,1
1.9459101490553132,1,1,6.7580945044277305,2,3,1,0,2,4,3,3.6888794541139363,1,1,2,1,1,1,1,1
2.6390573296152584,6,6,6.78332520060396,2,2,4,3,1,4,2,3.1780538303479458,1,1,2,1,1,0,1,1
3.091042453358316,4,4,7.749322464660356,2,2,2,1,2,1,1,3.5263605246161616,1,2,1,1,1,0,1,0
3.6109179126442243,6,6,8.475537516147405,2,2,4,0,2,1,3,3.4339872044851463,1,1,1,0,1,1,1,1
